{"assets/fonts/Avalon-Medium.ttf":["assets/fonts/Avalon-Medium.ttf"],"assets/fonts/Poppins-Bold.ttf":["assets/fonts/Poppins-Bold.ttf"],"assets/fonts/Poppins-ExtraBold.ttf":["assets/fonts/Poppins-ExtraBold.ttf"],"assets/fonts/Poppins-Light.ttf":["assets/fonts/Poppins-Light.ttf"],"assets/fonts/Poppins-Medium.ttf":["assets/fonts/Poppins-Medium.ttf"],"assets/fonts/Poppins-Regular.ttf":["assets/fonts/Poppins-Regular.ttf"],"assets/fonts/Poppins-SemiBold.ttf":["assets/fonts/Poppins-SemiBold.ttf"],"assets/images/dashboard.png":["assets/images/dashboard.png"],"assets/images/login.png":["assets/images/login.png"],"assets/images/logo.png":["assets/images/logo.png"],"assets/images/push_notification.png":["assets/images/push_notification.png"],"assets/images/sales.png":["assets/images/sales.png"],"assets/images/user_list.png":["assets/images/user_list.png"],"packages/cupertino_icons/assets/CupertinoIcons.ttf":["packages/cupertino_icons/assets/CupertinoIcons.ttf"],"packages/fluttertoast/assets/toastify.css":["packages/fluttertoast/assets/toastify.css"],"packages/fluttertoast/assets/toastify.js":["packages/fluttertoast/assets/toastify.js"]}